,Title,Date
0,Creating more space at the table for women - Adobe,"Tue, 28 Jul 2020 07:00:00 GMT"
1,Must-see historical site in Milpitas: Higuera Adobe - The Milpitas Beat,"Thu, 02 Jul 2020 07:00:00 GMT"
2,Genesys Announces Partnership with Adobe to Deliver Contextual Customer Experiences - PR Newswire,"Thu, 27 Aug 2020 07:00:00 GMT"
3,A List of Free or One-Time Payment Alternatives to Adobe Subscription Programs - Fstoppers,"Thu, 23 Jul 2020 07:00:00 GMT"
4,All about my virtual internship at Adobe - Adobe,"Tue, 04 Aug 2020 07:00:00 GMT"
5,New from Adobe: The Adobe Creative Educator Program - Adobe,"Wed, 12 Aug 2020 07:00:00 GMT"
6,How Adobe For All changed my life - Adobe,"Fri, 28 Aug 2020 07:00:00 GMT"
7,Learn How to Use Multiple Flows with Adobe XD - Adobe,"Tue, 25 Aug 2020 07:00:00 GMT"
8,Adobe Named a Best Employer for Women by Forbes - Adobe,"Tue, 28 Jul 2020 07:00:00 GMT"
9,Adobe Interns Create the Future - Adobe,"Fri, 28 Aug 2020 07:00:00 GMT"
10,Adobe and OFFF Academy Launch Creative Mentorship to Empower Next Generation of Young Creatives - Adobe,"Tue, 25 Aug 2020 07:00:00 GMT"
11,New Adobe Acrobat for Box streamlines productivity in the cloud - Adobe,"Thu, 06 Aug 2020 07:00:00 GMT"
12,Adobe interns experience a day of learning at the MBA Intern Summit - Adobe,"Tue, 14 Jul 2020 07:00:00 GMT"
13,Adobe joins forces with the United Nations Environment Programme and The Ocean Agency to create change in ocean conservation - Adobe,"Thu, 20 Aug 2020 07:00:00 GMT"
14,Adobe Analytics introduces mobile app - Adobe,"Tue, 11 Aug 2020 07:00:00 GMT"
15,CIOs Face Their Next Biggest Challenge - Adobe,"Tue, 14 Jul 2020 07:00:00 GMT"
16,Behind the Scenes with Riya Mahajan - Adobe,"Thu, 30 Jul 2020 07:00:00 GMT"
17,Adobe CTO Abhay Parasnis makes Fast Company’s “Most Creative People in Business” list - Adobe,"Tue, 04 Aug 2020 07:00:00 GMT"
18,"Walmart Built One of the World’s Largest Intranets. When COVID-19 Hit, It Became One of its Most Important Assets - Adobe","Wed, 08 Jul 2020 07:00:00 GMT"
19,Adobe Expands Creative Cloud Integration with Microsoft Teams for Working Remotely - Adobe,"Tue, 21 Jul 2020 07:00:00 GMT"
20,New templates and themes in Quick Mockup help you design your ideas faster than ever - Adobe,"Thu, 13 Aug 2020 07:00:00 GMT"
21,Innovation unwrapped: TJ Rhodes - Adobe,"Wed, 12 Aug 2020 07:00:00 GMT"
22,The rise and fall of Adobe Flash - Ars Technica,"Tue, 07 Jul 2020 07:00:00 GMT"
23,Dare to be unreasonable - Adobe,"Mon, 24 Aug 2020 07:00:00 GMT"
24,Adobe Acrobat helps Curio Projects collaborate and connect the dots - Adobe,"Thu, 30 Jul 2020 07:00:00 GMT"
25,Top Adobe Power Players Who Are Leading the Company - Business Insider,"Tue, 04 Aug 2020 07:00:00 GMT"
26,"Salesforce Beats SAP, Oracle, Microsoft, Adobe—Combined!—in 2019 CRM Share - Cloud Wars","Wed, 26 Aug 2020 07:00:00 GMT"
27,Lady Gaga x Adobe: ‘Rain On Me’ Challenge is now open! - Adobe,"Thu, 27 Aug 2020 07:00:00 GMT"
28,The time for authentic visual representation of Black people is now - Adobe,"Wed, 26 Aug 2020 07:00:00 GMT"
29,13 filmmakers on working during this moment of change - WePresent,"Wed, 15 Jul 2020 07:00:00 GMT"
30,How VMware doubled its website clickthrough rates with better personalization - Adobe,"Tue, 25 Aug 2020 07:00:00 GMT"
31,Redefining the digital experience for creating and collaborating on learning content - Adobe,"Mon, 17 Aug 2020 07:00:00 GMT"
32,Why music video pros choose Adobe Premiere Pro - Adobe,"Fri, 28 Aug 2020 07:00:00 GMT"
33,CTO Abhay Parasnis is an expert at teaching Adobe’s classic programs new tricks - Fast Company,"Tue, 04 Aug 2020 07:00:00 GMT"
34,Adobe Australia a Best Place to Work 8th Year in a Row - Adobe,"Tue, 21 Jul 2020 07:00:00 GMT"
35,"How Data Science Intern, Kunal Khadilkar, is Creating the Future of Photoshop - Adobe","Thu, 09 Jul 2020 07:00:00 GMT"
36,In public Beta now: New features in Adobe Character Animator - Adobe,"Wed, 19 Aug 2020 07:00:00 GMT"
37,Here's how to create a retro animation using stock [Sponsored] - Red Shark News,"Thu, 09 Jul 2020 07:00:00 GMT"
38,Digital Literacy Gives Students an Advantage at Winston-Salem State University - Adobe,"Wed, 08 Jul 2020 07:00:00 GMT"
39,Are You Just Good? Want To Be Great? Adobe's CEO Tells You How - Investor's Business Daily,"Thu, 23 Jul 2020 07:00:00 GMT"
40,"How to view and edit the alt text in a PDF you're creating, using Microsoft Word or Adobe Acrobat - Business Insider","Tue, 21 Jul 2020 07:00:00 GMT"
41,This hilarious Photoshop face mask has Adobe's seal of approval - Creative Bloq,"Mon, 31 Aug 2020 07:00:00 GMT"
42,Adobe UK Honored as a Best Workplace - Adobe,"Fri, 31 Jul 2020 07:00:00 GMT"
43,Creative Cloud Mobile App: New Quick Actions and Livestreaming in the Palm of Your Hand - Adobe,"Thu, 23 Jul 2020 07:00:00 GMT"
44,How to create user-friendly sign up experiences: The Signup Screen UI Kit - Adobe,"Fri, 07 Aug 2020 07:00:00 GMT"
45,An SMB playbook for customer experience management - Adobe,"Thu, 13 Aug 2020 07:00:00 GMT"
46,Bringing more diverse voices to the world - Adobe,"Mon, 10 Aug 2020 07:00:00 GMT"
47,Adobe Experience Manager review - TechRadar,"Fri, 31 Jul 2020 07:00:00 GMT"
48,Oculus Medium Becomes Adobe Medium As Of Today - UploadVR,"Thu, 27 Aug 2020 07:00:00 GMT"
49,Keanu Reeves To Appear As Speaker At Free-For-All Adobe MAX 2020 Conference - Geek Culture,"Tue, 18 Aug 2020 07:00:00 GMT"
50,Adobe launches AI-powered Character Animator features in beta - VentureBeat,"Wed, 19 Aug 2020 07:00:00 GMT"
51,Adobe (ADBE) Breaks Out to All-Time High - Investopedia,"Mon, 24 Aug 2020 07:00:00 GMT"
52,INSIDE ADOBE – An Exclusive Behind-the-Scenes Documentary - CineD,"Thu, 06 Aug 2020 12:06:17 GMT"
53,Adobe Character Animator: new Beta gets new features by Jose Antunes - ProVideo Coalition - ProVideo Coalition,"Wed, 19 Aug 2020 07:00:00 GMT"
54,Westpac prioritises customers during COVID-19 with personalization at scale - Adobe,"Thu, 20 Aug 2020 07:00:00 GMT"
55,Suzanne Kite MFA ’18 Among Inaugural Women at Sundance Adobe Fellows - Bard College,"Wed, 12 Aug 2020 07:00:00 GMT"
56,CAI Achieves Milestone: White Paper Sets the Standard for Content Attribution - Adobe,"Mon, 03 Aug 2020 07:00:00 GMT"
57,'King of Adobe' - Albuquerque Journal,"Sun, 09 Aug 2020 07:00:00 GMT"
58,Why Adobe Remains One of the Market’s Best Stocks - InvestorPlace,"Sun, 12 Jul 2020 07:00:00 GMT"
59,Adobe Debuts New Marketing App Geared to Executives - Adweek,"Tue, 11 Aug 2020 07:00:00 GMT"
60,Christina Poku on how the Adobe Creative Residency programme is aiding her photography practice - It's Nice That,"Thu, 23 Jul 2020 07:00:00 GMT"
61,How Adobe Photoshop is used in the search for missing children - The Next Web,"Fri, 24 Jul 2020 07:00:00 GMT"
62,4 Photoshop Back Ups All Serious Photographers Need to Do - Fstoppers,"Wed, 08 Jul 2020 07:00:00 GMT"
63,Better Buy: Adobe vs. CrowdStrike - The Motley Fool,"Tue, 25 Aug 2020 07:00:00 GMT"
64,SHIFT Launches Adobe Creative Cloud Integration - PR Newswire,"Tue, 11 Aug 2020 07:00:00 GMT"
65,Adobe Premiere Rush spotted running on a Chromebook via the Play Store - Chrome Unboxed,"Mon, 24 Aug 2020 07:00:00 GMT"
66,Adobe Confirms Recent App Updates Can Cause Lightroom iOS Photos to be Erased Permanently! - SLR Lounge,"Fri, 21 Aug 2020 07:00:00 GMT"
67,Former Pixel photography chief engineer Marc Levoy joins Adobe to develop 'universal camera' app - Android Police,"Mon, 20 Jul 2020 07:00:00 GMT"
68,Adobe Previews New Character Animator Features Coming to Beta in 2020 - Animation Magazine,"Wed, 19 Aug 2020 07:00:00 GMT"
69,Personalized Learning Resources and Community Features Come to Creative Cloud’s Desktop App - Adobe,"Wed, 08 Jul 2020 07:00:00 GMT"
70,A Bad Day For Mobile Adobe Lightroom Users - PC Perspective,"Mon, 24 Aug 2020 07:00:00 GMT"
71,Substance by Adobe Helps Keep INDG’s Product Visualization Business in the Pink - PRINT Magazine,"Wed, 15 Jul 2020 07:00:00 GMT"
72,Hollywood producer Rob Thompson seeks $8.2 million for New Mexico ranch - Los Angeles Times,"Fri, 24 Jul 2020 07:00:00 GMT"
73,"Collins And Devan Key Partner With Adobe For Summer-Long, Micro-Video Creator Competition - Tubefilter","Thu, 09 Jul 2020 07:00:00 GMT"
74,How Canada Keeps 37 Million Residents Informed During COVID-19 - Adobe,"Tue, 28 Jul 2020 07:00:00 GMT"
75,How NatWest is using Adobe and data to create more personal digital relationships with customers - Diginomica,"Mon, 27 Jul 2020 07:00:00 GMT"
76,Adobe and Stanford Unveil SOTA Method for Human Pose Estimation - syncedreview.com,"Mon, 27 Jul 2020 07:00:00 GMT"
77,Adobe releases Medium 2.4 - CG Channel,"Fri, 28 Aug 2020 07:00:00 GMT"
78,Adobe hires Google Pixel head for 'universal camera app' - AppleInsider,"Tue, 21 Jul 2020 07:00:00 GMT"
79,New Adobe Character Animator Public Beta Released - Animation World Network,"Wed, 19 Aug 2020 07:00:00 GMT"
80,ProBeat: Adobe’s universal camera app captures the Android-iOS duopoly - VentureBeat,"Fri, 24 Jul 2020 07:00:00 GMT"
81,Tamara Gulley on Leading with Empathy - Adobe,"Fri, 07 Aug 2020 07:00:00 GMT"
82,Surface Duo snags Adobe Acrobat as latest app with dual-screen support - Windows Central,"Tue, 01 Sep 2020 07:00:00 GMT"
83,Adobe Subsidiary Expands Surface Design for 3D Printing - 3DPrint.com,"Mon, 13 Jul 2020 13:02:17 GMT"
84,Chic Century-Old Adobe Compound in Arizona Desert Is Listed for $4.7M - Realtor.com,"Thu, 27 Aug 2020 07:00:00 GMT"
85,BRAW Studio V2 for Adobe CC from Autokroma – Better than the Free BRAW Plugin? - CineD,"Fri, 24 Jul 2020 07:00:00 GMT"
86,Adobe Photoshop could soon include the tool we need to spot fake photos online - Pocketnow,"Fri, 14 Aug 2020 07:00:00 GMT"
87,Real-Time Animation Software Adobe Character Animator Adds New Features In Public Beta - Cartoon Brew,"Thu, 20 Aug 2020 07:00:00 GMT"
88,Adobe Premiere Clip review - TechRadar,"Wed, 19 Aug 2020 07:00:00 GMT"
89,Adobe Hires Former Pixel Camera Guru to Build a ‘Universal Camera App’ - PetaPixel,"Tue, 21 Jul 2020 07:00:00 GMT"
90,Context Is Everything - Adobe,"Mon, 13 Jul 2020 07:00:00 GMT"
91,Adobe Rush review - TechRadar,"Thu, 20 Aug 2020 07:00:00 GMT"
92,"Adobe sale: grab a great deal on Photoshop, Illustrator and much more - TechRadar","Tue, 14 Jul 2020 07:00:00 GMT"
93,Why a Winning Growth Fund Likes PayPal and Autodesk Stock - Barron's,"Wed, 26 Aug 2020 07:00:00 GMT"
94,Black Creativity Matters: How agencies can push for real change - Creative Boom,"Wed, 15 Jul 2020 07:00:00 GMT"
95,Sundance Institute Announces 2020 Class of Sundance Ignite x Adobe Fellows — Exclusive - IndieWire,"Wed, 15 Jul 2020 07:00:00 GMT"
96,Tips For Editing Your Astrophotography Images With Adobe Lightroom - SLR Lounge,"Mon, 10 Aug 2020 07:00:00 GMT"
97,Adobe Premiere Elements 2020 review - TechRadar,"Sat, 18 Jul 2020 07:00:00 GMT"
98,Adobe confirms Lightroom iOS photos erased due to update bug are ‘not recoverable’ - 9to5Mac,"Thu, 20 Aug 2020 07:00:00 GMT"
99,"How Annie Li, Digital Media Go to Market Strategy & Ops MBA Intern, is Optimizing the Team - Adobe","Thu, 27 Aug 2020 07:00:00 GMT"
